{
  "train_elapsed_s": 1539.573966741562,
  "train_loss": 1.969743267695109,
  "n_train": 76,
  "n_holdout": 18,
  "n_holdout_valid": 4,
  "direction_acc": 1.0,
  "brier": 0.007406249999999999,
  "n_target_modules": 256
}